{
  "aruco_cov": [0.0102059, 0.000131105,  0.000617515,
                0.000131105,  0.0013617, 1.95126e-05,
                0.000617515, 1.95126e-05,  0.00375744],
  "optical_flow_cov": [0.01, 0.0,  0.0,
                       0.0,  0.01, 0.0,
                       0.0, 0.0,  0.005],
  "aruco_multiplier": [1.0, 1.0, 1.0, 1.5, 1.5, 2.0, 3.0, 5.0, 8.0, 10.0]
}