{
  "odometer_cov": [0.001, 0.0, 0.0, 0.0005],
  "aruco_cov": [0.000718355, 0.000151836, 0.000395619,
                0.000151836, 3.89365e-05, 8.84724e-05,
                0.000395619, 8.84724e-05, 0.000221479],
  "aruco_multiplier": [1.0, 1.0, 2.0, 10.0, 50.0, 100.0, 500.0, 2000.0, 10000.0, 50000.0]
}