{
  "optical_flow_cov": [0.01, 0.0,  0.0,
                       0.0,  0.01, 0.0,
                       0.0, 0.0,  0.01],
  "aruco_cov": [0.01, 0.000151836, 0.000395619,
                0.000151836, 3.89365e-04, 8.84724e-05,
                0.000395619, 8.84724e-05, 0.001],
  "aruco_cov_bkp": [0.000718355, 0.000151836, 0.000395619,
                0.000151836, 3.89365e-05, 8.84724e-05,
                0.000395619, 8.84724e-05, 0.000221479],
  "aruco_multiplier": [1.0, 2.0, 4.0, 10.0, 20.0, 20.0, 20.0, 20.0, 20.0, 20.0],
  "aruco_multiplier_bkp": [1.0, 2.0, 4.0, 10.0, 50.0, 100.0, 500.0, 2000.0, 10000.0, 50000.0]
}