{
  "odometer_cov": [0.001, 0.0, 0.0, 0.0005],
  "aruco_cov": [0.0102059, 0.000131105,  0.000617515,
                0.000131105,  0.0013617, 1.95126e-05,
                0.000617515, 1.95126e-05,  0.00375744]
}