{
  "odometer_cov": [0.001, 0.0, 0.0, 0.0005],
  "aruco_cov": [0.0102059, 0.000131105,  0.000617515,
                0.000131105,  0.0013617, 1.95126e-05,
                0.000617515, 1.95126e-05,  0.00375744],
  "aruco_multiplier": [0.25, 1.0, 1.5, 5.0, 25.0, 100.0, 100.0, 100.0, 100.0, 100.0],
  "aruco_multiplier_bkp": [0.25, 1.0, 1.5, 5.0, 25.0, 100.0, 500.0, 2000.0, 10000.0, 50000.0]
}